{  
   "default":{  
      "name":"Default",
      "titleColor":"#333333",
      "comparisonPositiveColor":"#006600",
      "comparisonNegativeColor":"#CC0000",
      "comparisonNeutralColor":"#333333",
      "comparisonPositiveIcon":"&#9650;",
      "comparisonNegativeIcon":"&#9660;",
      "comparisonNeutralIcon":"&#9654;"
   },
   "green":{  
      "name":"Green",
      "titleColor":"#fff",
      "comparisonPositiveColor":"#006600",
      "comparisonNegativeColor":"#CC0000",
      "comparisonNeutralColor":"#333",
      "comparisonPositiveIcon":"&#9650;",
      "comparisonNegativeIcon":"&#9660;",
      "comparisonNeutralIcon":"&#9654;"
   },
   "orange":{  
      "name":"Orange",
      "titleColor":"#fff",
      "comparisonPositiveColor":"#006600",
      "comparisonNegativeColor":"#CC0000",
      "comparisonNeutralColor":"#333",
      "comparisonPositiveIcon":"&#9650;",
      "comparisonNegativeIcon":"&#9660;",
      "comparisonNeutralIcon":"&#9654;"
   },
   "upBad":{  
      "name":"Default - UpBad",
      "tileBackgroundColor":"#F8F8F8",
      "titleColor":"#333333",
      "comparisonPositiveColor":"#CC0000",
      "comparisonNegativeColor":"#006600",
      "comparisonNeutralColor":"#333333",
      "comparisonPositiveIcon":"&#9650;",
      "comparisonNegativeIcon":"&#9660;",
      "comparisonNeutralIcon":"&#9654;"
   }
}